{"cameraMode":{"drawMode":0,"name":"Shaded","section":"Shading Mode"},"sceneLighting":false,"audioPlay":false,"sceneViewState":{"showFog":true,"showMaterialUpdate":false,"showSkybox":false,"showFlares":true,"showImageEffects":true,"showParticleSystems":true},"in2DMode":false,"pivot":{"x":-0.6163980960845947,"y":0.2890625,"z":-0.861133337020874},"rotation":{"x":0.47150179743766787,"y":0.034375641494989398,"z":-0.018399205058813096,"w":0.8810064792633057},"size":9.82736587524414,"orthographic":true}