{"cameraMode":{"drawMode":0,"name":"Shaded","section":"Shading Mode"},"sceneLighting":false,"audioPlay":false,"sceneViewState":{"showFog":true,"showMaterialUpdate":false,"showSkybox":false,"showFlares":true,"showImageEffects":true,"showParticleSystems":true},"in2DMode":false,"pivot":{"x":-6.430419921875,"y":0.726318359375,"z":-0.30615234375},"rotation":{"x":0.31189513206481936,"y":-0.21962842345237733,"z":0.0743454098701477,"w":0.9213889837265015},"size":2.951991081237793,"orthographic":true}